Using username "ec2-user".
Authenticating with public key "aws_project1_west2"
   ,     #_
   ~\_  ####_        Amazon Linux 2023
  ~~  \_#####\
  ~~     \###|
  ~~       \#/ ___   https://aws.amazon.com/linux/amazon-linux-2023
   ~~       V~' '->
    ~~~         /
      ~~._.   _/
         _/ _/
       _/m/'
Last login: Mon Aug 19 16:02:39 2024 from 115.75.189.26
[ec2-user@ip-10-2-11-33 ~]$ sudo -su root
[root@ip-10-2-11-33 ec2-user]# mysql -h udacity-replica.cdj0eoatwprk.us-west-2.rds.amazonaws.com -P 3306 -u admin -p
Enter password:
Welcome to the MySQL monitor.  Commands end with ; or \g.
Your MySQL connection id is 10
Server version: 8.0.35 Source distribution

Copyright (c) 2000, 2024, Oracle and/or its affiliates.

Oracle is a registered trademark of Oracle Corporation and/or its
affiliates. Other names may be trademarks of their respective
owners.

Type 'help;' or '\h' for help. Type '\c' to clear the current input statement.

mysql> SHOW DATABASES;
+--------------------+
| Database           |
+--------------------+
| information_schema |
| mysql              |
| performance_schema |
| sys                |
| udacity            |
+--------------------+
5 rows in set (0.00 sec)

mysql> USE udacity
Reading table information for completion of table and column names
You can turn off this feature to get a quicker startup with -A

Database changed
mysql> SELECT * FROM pet;
+---------------+-------+---------------+------+------------+-------+
| name          | owner | species       | sex  | birth      | death |
+---------------+-------+---------------+------+------------+-------+
| doffin animal | World | doffin animal | f    | 2024-08-19 | NULL  |
| Cat           | Cat   | Cat           | f    | 2024-08-19 | NULL  |
+---------------+-------+---------------+------+------------+-------+
2 rows in set (0.00 sec)

mysql> INSERT INTO pet VALUES ('Dog','Dog','Dog','f','2024-08-19',NULL);
Query OK, 1 row affected (0.01 sec)

mysql> SELECT * FROM pet;
+---------------+-------+---------------+------+------------+-------+
| name          | owner | species       | sex  | birth      | death |
+---------------+-------+---------------+------+------------+-------+
| doffin animal | World | doffin animal | f    | 2024-08-19 | NULL  |
| Cat           | Cat   | Cat           | f    | 2024-08-19 | NULL  |
| Dog           | Dog   | Dog           | f    | 2024-08-19 | NULL  |
+---------------+-------+---------------+------+------------+-------+
3 rows in set (0.00 sec)

mysql>
